E52,e23,x38,xV38,vinqi
Apple,apple,xxpxl,seb,सेब
AFFIXED,,,,
AJAX,,,,
ALEX,,,,
ALEXA,,,,
ALEXANDER,,,,
ALEXANDRA,,,,
ALEXANDRIA,,,,
ALEXIS,,,,
AMOXICILLIN,,,,
ANNEX,,,,
ANNEXATION,,,,
ANNEXED,,,,
ANOREXIA,,,,
ANTHRAX,,,,
ANTIOXIDANT,,,,
ANTIOXIDANTS,,,,
ANXIETIES,,,,
ANXIETY,,,,
ANXIOUS,,,,
ANXIOUSLY,,,,
APEX,,,,
APPENDIX,,,,
APPROX,,,,
APPROXIMATE,,,,
APPROXIMATELY,,,,
APPROXIMATION,,,,
ASEXUAL,,,,
AUXILIARY,,,,
AXES,,,,
AXIOM,,,,
AXIS,,,,
AXLE,,,,
BAXTER,,,,
BEESWAX,,,,
BISEXUAL,,,,
BORDEAUX,,,,
BOTOX,,,,
BOX,,,,
BOXED,,,,
BOXER,,,,
BOXERS,,,,
BOXES,,,,
BOXING,,,,
BREXIT,,,,
BRONX,,,,
CERVIX,,,,
CHECKBOX,,,,
CLIMAX,,,,
CODEX,,,,
COEXIST,,,,
COEXISTENCE,,,,
COMPLEX,,,,
COMPLEXES,,,,
COMPLEXION,,,,
COMPLEXITIES,,,,
COMPLEXITY,,,,
CONTEXT,,,,
CONTEXTS,,,,
CONTEXTUAL,,,,
CORTEX,,,,
CRUCIFIXION,,,,
CRUX,,,,
DELUXE,,,,
DETOX,,,,
DETOXIFICATION,,,,
DEXTER,,,,
DEXTERITY,,,,
DIOXIDE,,,,
DIXIE,,,,
DIXON,,,,
DOXYCYCLINE,,,,
DROPBOX,,,,
DUPLEX,,,,
DYSLEXIA,,,,
ELIXIR,,,,
EPOXY,,,,
EQUINOX,,,,
ESSEX,,,,
EX,,,,
EXACERBATE,,,,
EXACERBATED,,,,
EXACT,,,,
EXACTING,,,,
EXACTLY,,,,
EXAGGERATE,,,,
EXAGGERATED,,,,
EXAGGERATING,,,,
EXAGGERATION,,,,
EXALTED,,,,
EXAM,,,,
EXAMINATION,,,,
EXAMINATIONS,,,,
EXAMINE,,,,
EXAMINED,,,,
EXAMINER,,,,
EXAMINERS,,,,
EXAMINES,,,,
EXAMINING,,,,
EXAMPLE,,,,
EXAMPLES,,,,
EXAMS,,,,
EXASPERATED,,,,
EXASPERATION,,,,
EXCAVATED,,,,
EXCAVATION,,,,
EXCAVATIONS,,,,
EXCEED,,,,
EXCEEDED,,,,
EXCEEDING,,,,
EXCEEDINGLY,,,,
EXCEEDS,,,,
EXCEL,,,,
EXCELLED,,,,
EXCELLENCE,,,,
EXCELLENCY,,,,
EXCELLENT,,,,
EXCELLENTLY,,,,
EXCELS,,,,
EXCEPT,,,,
EXCEPTING,,,,
EXCEPTION,,,,
EXCEPTIONAL,,,,
EXCEPTIONALLY,,,,
EXCEPTIONS,,,,
EXCERPT,,,,
EXCERPTS,,,,
EXCESS,,,,
EXCESSES,,,,
EXCESSIVE,,,,
EXCESSIVELY,,,,
EXCHANGE,,,,
EXCHANGED,,,,
EXCHANGER,,,,
EXCHANGES,,,,
EXCHANGING,,,,
EXCISE,,,,
EXCITE,,,,
EXCITED,,,,
EXCITEDLY,,,,
EXCITEMENT,,,,
EXCITES,,,,
EXCITING,,,,
EXCLAIM,,,,
EXCLAIMED,,,,
EXCLAIMS,,,,
EXCLAMATION,,,,
EXCLUDE,,,,
EXCLUDED,,,,
EXCLUDES,,,,
EXCLUDING,,,,
EXCLUSION,,,,
EXCLUSIONS,,,,
EXCLUSIVE,,,,
EXCLUSIVELY,,,,
EXCLUSIVES,,,,
EXCLUSIVITY,,,,
EXCRUCIATING,,,,
EXCURSION,,,,
EXCURSIONS,,,,
EXCUSE,,,,
EXCUSED,,,,
EXCUSES,,,,
EXECS,,,,
EXECUTABLE,,,,
EXECUTE,,,,
EXECUTED,,,,
EXECUTES,,,,
EXECUTING,,,,
EXECUTION,,,,
EXECUTIONER,,,,
EXECUTIONS,,,,
EXECUTIVE,,,,
EXECUTIVES,,,,
EXECUTOR,,,,
EXEMPLARY,,,,
EXEMPLIFIED,,,,
EXEMPLIFIES,,,,
EXEMPLIFY,,,,
EXEMPT,,,,
EXEMPTED,,,,
EXEMPTION,,,,
EXEMPTIONS,,,,
EXERCISE,,,,
EXERCISED,,,,
EXERCISES,,,,
EXERCISING,,,,
EXERT,,,,
EXERTED,,,,
EXERTING,,,,
EXERTION,,,,
EXETER,,,,
EXFOLIATE,,,,
EXFOLIATING,,,,
EXHALE,,,,
EXHALED,,,,
EXHAUST,,,,
EXHAUSTED,,,,
EXHAUSTING,,,,
EXHAUSTION,,,,
EXHAUSTIVE,,,,
EXHIBIT,,,,
EXHIBITED,,,,
EXHIBITING,,,,
EXHIBITION,,,,
EXHIBITIONS,,,,
EXHIBITOR,,,,
EXHIBITORS,,,,
EXHIBITS,,,,
EXHILARATING,,,,
EXILE,,,,
EXILED,,,,
EXIST,,,,
EXISTED,,,,
EXISTENCE,,,,
EXISTENT,,,,
EXISTENTIAL,,,,
EXISTING,,,,
EXISTS,,,,
EXIT,,,,
EXITED,,,,
EXITING,,,,
EXITS,,,,
EXODUS,,,,
EXORBITANT,,,,
EXOTIC,,,,
EXPAND,,,,
EXPANDABLE,,,,
EXPANDED,,,,
EXPANDING,,,,
EXPANDS,,,,
EXPANSE,,,,
EXPANSION,,,,
EXPANSIONS,,,,
EXPANSIVE,,,,
EXPAT,,,,
EXPATRIATE,,,,
EXPATRIATES,,,,
EXPATS,,,,
EXPECT,,,,
EXPECTANCY,,,,
EXPECTANT,,,,
EXPECTATION,,,,
EXPECTATIONS,,,,
EXPECTED,,,,
EXPECTING,,,,
EXPECTS,,,,
EXPEDIENT,,,,
EXPEDITE,,,,
EXPEDITED,,,,
EXPEDITION,,,,
EXPEDITIONS,,,,
EXPEL,,,,
EXPELLED,,,,
EXPEND,,,,
EXPENDABLE,,,,
EXPENDED,,,,
EXPENDITURE,,,,
EXPENDITURES,,,,
EXPENSE,,,,
EXPENSES,,,,
EXPENSIVE,,,,
EXPERIENCE,,,,
EXPERIENCED,,,,
EXPERIENCES,,,,
EXPERIENCING,,,,
EXPERIENTIAL,,,,
EXPERIMENT,,,,
EXPERIMENTAL,,,,
EXPERIMENTATION,,,,
EXPERIMENTED,,,,
EXPERIMENTING,,,,
EXPERIMENTS,,,,
EXPERT,,,,
EXPERTISE,,,,
EXPERTLY,,,,
EXPERTS,,,,
EXPIRATION,,,,
EXPIRE,,,,
EXPIRED,,,,
EXPIRES,,,,
EXPIRING,,,,
EXPIRY,,,,
EXPLAIN,,,,
EXPLAINED,,,,
EXPLAINING,,,,
EXPLAINS,,,,
EXPLANATION,,,,
EXPLANATIONS,,,,
EXPLANATORY,,,,
EXPLICIT,,,,
EXPLICITLY,,,,
EXPLODE,,,,
EXPLODED,,,,
EXPLODES,,,,
EXPLODING,,,,
EXPLOIT,,,,
EXPLOITATION,,,,
EXPLOITATIVE,,,,
EXPLOITED,,,,
EXPLOITING,,,,
EXPLOITS,,,,
EXPLORATION,,,,
EXPLORATIONS,,,,
EXPLORATORY,,,,
EXPLORE,,,,
EXPLORED,,,,
EXPLORER,,,,
EXPLORERS,,,,
EXPLORES,,,,
EXPLORING,,,,
EXPLOSION,,,,
EXPLOSIONS,,,,
EXPLOSIVE,,,,
EXPLOSIVES,,,,
EXPO,,,,
EXPONENTIAL,,,,
EXPONENTIALLY,,,,
EXPORT,,,,
EXPORTED,,,,
EXPORTER,,,,
EXPORTERS,,,,
EXPORTING,,,,
EXPORTS,,,,
EXPOSE,,,,
EXPOSED,,,,
EXPOSES,,,,
EXPOSING,,,,
EXPOSITION,,,,
EXPOSURE,,,,
EXPOSURES,,,,
EXPRESS,,,,
EXPRESSED,,,,
EXPRESSES,,,,
EXPRESSING,,,,
EXPRESSION,,,,
EXPRESSIONS,,,,
EXPRESSIVE,,,,
EXPRESSLY,,,,
EXPRESSWAY,,,,
EXPULSION,,,,
EXQUISITE,,,,
EXQUISITELY,,,,
EXTANT,,,,
EXTEND,,,,
EXTENDED,,,,
EXTENDER,,,,
EXTENDING,,,,
EXTENDS,,,,
EXTENSION,,,,
EXTENSIONS,,,,
EXTENSIVE,,,,
EXTENSIVELY,,,,
EXTENT,,,,
EXTERIOR,,,,
EXTERMINATION,,,,
EXTERNAL,,,,
EXTERNALLY,,,,
EXTINCT,,,,
EXTINCTION,,,,
EXTINGUISH,,,,
EXTINGUISHED,,,,
EXTINGUISHER,,,,
EXTINGUISHERS,,,,
EXTORTION,,,,
EXTRA,,,,
EXTRACT,,,,
EXTRACTED,,,,
EXTRACTING,,,,
EXTRACTION,,,,
EXTRACTS,,,,
EXTRACURRICULAR,,,,
EXTRADITION,,,,
EXTRANEOUS,,,,
EXTRAORDINAIRE,,,,
EXTRAORDINARILY,,,,
EXTRAORDINARY,,,,
EXTRAPOLATE,,,,
EXTRAS,,,,
EXTRATERRESTRIAL,,,,
EXTRAVAGANT,,,,
EXTRAVAGANZA,,,,
EXTREME,,,,
EXTREMELY,,,,
EXTREMES,,,,
EXTREMISM,,,,
EXTREMIST,,,,
EXTREMISTS,,,,
EXTREMITIES,,,,
EXTREMITY,,,,
EXUBERANCE,,,,
EXUBERANT,,,,
EXUDES,,,,
EXXON,,,,
FAIRFAX,,,,
FAUX,,,,
FAX,,,,
FEDEX,,,,
FELIX,,,,
FIREFOX,,,,
FIX,,,,
FIXATED,,,,
FIXATION,,,,
FIXED,,,,
FIXER,,,,
FIXES,,,,
FIXING,,,,
FIXTURE,,,,
FIXTURES,,,,
FLAX,,,,
FLAXSEED,,,,
FLEX,,,,
FLEXIBILITY,,,,
FLEXIBLE,,,,
FLEXIBLY,,,,
FLEXING,,,,
FLUX,,,,
FOREX,,,,
FOX,,,,
FOXES,,,,
GALAXIES,,,,
GALAXY,,,,
GEARBOX,,,,
HALIFAX,,,,
HELIX,,,,
HENDRIX,,,,
HETEROSEXUAL,,,,
HOAX,,,,
HOMOSEXUAL,,,,
HOMOSEXUALITY,,,,
HOMOSEXUALS,,,,
HYDROXIDE,,,,
HYDROXY,,,,
INBOX,,,,
INDEX,,,,
INDEXED,,,,
INDEXES,,,,
INDEXING,,,,
INEXCUSABLE,,,,
INEXPENSIVE,,,,
INEXPERIENCE,,,,
INEXPERIENCED,,,,
INEXPLICABLE,,,,
INEXPLICABLY,,,,
INEXTRICABLY,,,,
INFLEXIBLE,,,,
INFLUX,,,,
INTOXICATED,,,,
INTOXICATING,,,,
INTOXICATION,,,,
JUKEBOX,,,,
JUXTAPOSITION,,,,
KICKBOXING,,,,
KNOX,,,,
KNOXVILLE,,,,
LATEX,,,,
LENNOX,,,,
LEXICON,,,,
LEXINGTON,,,,
LEXUS,,,,
LINUX,,,,
LUNCHBOX,,,,
LUXEMBOURG,,,,
LUXURIES,,,,
LUXURIOUS,,,,
LUXURY,,,,
MADDOX,,,,
MAILBOX,,,,
MAILBOXES,,,,
MARX,,,,
MARXISM,,,,
MARXIST,,,,
MATRIX,,,,
MAX,,,,
MAXED,,,,
MAXI,,,,
MAXIM,,,,
MAXIMAL,,,,
MAXIMISE,,,,
MAXIMISING,,,,
MAXIMIZE,,,,
MAXIMIZED,,,,
MAXIMIZES,,,,
MAXIMIZING,,,,
MAXIMUM,,,,
MAXINE,,,,
MAXWELL,,,,
MEGAPIXEL,,,,
METHOTREXATE,,,,
MEXICAN,,,,
MEXICANS,,,,
MEXICO,,,,
MIX,,,,
MIXED,,,,
MIXER,,,,
MIXERS,,,,
MIXES,,,,
MIXING,,,,
MIXTURE,,,,
MIXTURES,,,,
MONOXIDE,,,,
NETFLIX,,,,
NEXT,,,,
NEXUS,,,,
NIXON,,,,
NONEXISTENT,,,,
NOXIOUS,,,,
OBNOXIOUS,,,,
ORTHODOX,,,,
ORTHODOXY,,,,
OXFAM,,,,
OXFORD,,,,
OXIDATION,,,,
OXIDATIVE,,,,
OXIDE,,,,
OXIDES,,,,
OXYGEN,,,,
OXYMORON,,,,
OXYTOCIN,,,,
PARADOX,,,,
PARADOXICAL,,,,
PARADOXICALLY,,,,
PEROXIDE,,,,
PERPLEXED,,,,
PERPLEXING,,,,
PHOENIX,,,,
PIXAR,,,,
PIXEL,,,,
PIXELS,,,,
PIXIE,,,,
PLEXUS,,,,
PREEXISTING,,,,
PREFIX,,,,
PRETEXT,,,,
PROPHYLAXIS,,,,
PROXIES,,,,
PROXIMITY,,,,
PROXY,,,,
REFLEX,,,,
REFLEXES,,,,
REFLEXOLOGY,,,,
REFLUX,,,,
RELAX,,,,
RELAXATION,,,,
RELAXED,,,,
RELAXES,,,,
RELAXING,,,,
REMIX,,,,
REMIXES,,,,
ROLEX,,,,
SANDBOX,,,,
SAXON,,,,
SAXOPHONE,,,,
SEX,,,,
SEXES,,,,
SEXIER,,,,
SEXIEST,,,,
SEXISM,,,,
SEXIST,,,,
SEXTING,,,,
SEXUAL,,,,
SEXUALITY,,,,
SEXUALLY,,,,
SEXY,,,,
SIOUX,,,,
SIX,,,,
SIXTEEN,,,,
SIXTEENTH,,,,
SIXTH,,,,
SIXTIES,,,,
SIXTY,,,,
SMALLPOX,,,,
SOAPBOX,,,,
SOX,,,,
SPANDEX,,,,
SUBTEXT,,,,
SUFFIX,,,,
SUSSEX,,,,
SYNTAX,,,,
TAX,,,,
TAXABLE,,,,
TAXATION,,,,
TAXED,,,,
TAXES,,,,
TAXI,,,,
TAXING,,,,
TAXIS,,,,
TAXONOMY,,,,
TAXPAYER,,,,
TAXPAYERS,,,,
TEXAN,,,,
TEXANS,,,,
TEXAS,,,,
TEXT,,,,
TEXTBOOK,,,,
TEXTBOOKS,,,,
TEXTED,,,,
TEXTILE,,,,
TEXTILES,,,,
TEXTING,,,,
TEXTS,,,,
TEXTUAL,,,,
TEXTURE,,,,
TEXTURED,,,,
TEXTURES,,,,
THANX,,,,
TOOLBOX,,,,
TOXIC,,,,
TOXICITY,,,,
TOXICOLOGY,,,,
TOXIN,,,,
TOXINS,,,,
TRIXIE,,,,
TUXEDO,,,,
UNEXPECTED,,,,
UNEXPECTEDLY,,,,
UNEXPLAINED,,,,
UNEXPLORED,,,,
UNISEX,,,,
UNIX,,,,
UNORTHODOX,,,,
VERTEX,,,,
VORTEX,,,,
WAX,,,,
WAXED,,,,
WAXING,,,,
X,,,,
XANAX,,,,
XANDER,,,,
XAVIER,,,,
XBOX,,,,
XENA,,,,
XENOPHOBIA,,,,
XENOPHOBIC,,,,
XIAO,,,,
XIAOMI,,,,
XINHUA,,,,
XMAS,,,,
XOXO,,,,
,,,,